caseType,caseDescription
Labor,I was fired from my job without cause. Can you help me get my job back or get compensation for my wrongful termination?
Labor,My employer is not paying me overtime wages. Can you help me collect the wages I am owed?
Labor,"I have been discriminated against at my job because of my race, gender, age, or disability. Can you help me file a discrimination complaint?"
Labor,I was injured at work. Can you help me file a workers' compensation claim?
Labor,I am a union member and I believe my union is not representing me properly. Can you help me file a grievance against my union?
Labor,I am a non-immigrant worker and I believe my employer is exploiting me. Can you help me file a complaint with the Department of Labor?
Labor,I am an independent contractor and I believe my client is not paying me fairly. Can you help me draft a contract that protects my rights?
Labor,I am a business owner and I need help developing a company handbook that complies with all labor laws. Can you help me?
Labor,I am a human resources manager and I need help understanding the latest labor laws. Can you provide me with some training?
Labor,I was fired from my job without cause. What are my rights?
Labor,I am not being paid overtime. What can I do?
Labor,I am being harassed at work. What should I do?
Labor,I was injured on the job. What are my options?
Labor,My employer is not following safety regulations. What can I do?
Labor,I am being discriminated against at work. What should I do?
Labor,I am not being given breaks or meal periods. What are my rights?
Labor,I am being forced to work off the clock. Is this legal?
Labor,I am not being paid my wages. What can I do?
Labor,I am being retaliated against for complaining about workplace violations. What should I do?
Labor,I am a mediator and I need help resolving a labor dispute between two of my clients. Can you help me?
Consumer Protection,I bought a product that is defective.�What can I do?
Consumer Protection,I was scammed by a company.�How can I get my money back?
Consumer Protection,I am having trouble with my credit card company.�What are my rights?
Consumer Protection,I am being sued by a debt collector.�What should I do?
Consumer Protection,I was denied a loan because of my credit history.�Is this legal?
Consumer Protection,I was charged for services that I did not receive.�What can I do?
Consumer Protection,I was misled by a company's advertising.�What should I do?
Consumer Protection,I am having trouble returning a product.�What are my rights?
Consumer Protection,My identity was stolen.�What should I do?
Consumer Protection,I am being harassed by a company.�What can I do?
Consumer Protection,I purchased a product that is defective and the manufacturer is refusing to refund my money. Can you help me get my money back?
Consumer Protection,I was scammed by a fraudulent business. Can you help me get my money back and press charges against the scammers?
Consumer Protection,I was misled by a deceptive marketing campaign. Can you help me file a complaint with the Federal Trade Commission?
Consumer Protection,I was injured by a dangerous product. Can you help me file a product liability lawsuit?
Consumer Protection,I have a problem with a debt collector. Can you help me negotiate with the debt collector or file a complaint with the Consumer Financial Protection Bureau?
Consumer Protection,I have been denied credit or insurance because of my credit history. Can you help me dispute the inaccurate information on my credit report?
Consumer Protection,I have been harassed by a telemarketer. Can you help me register my phone number on the National Do Not Call Registry?
Consumer Protection,I have been contacted by a scam artist who is trying to steal my identity. Can you help me protect my identity and report the scam to the proper authorities?
Consumer Protection,I am a business owner and I need help developing a compliance program to ensure that my business is complying with all consumer protection laws. Can you help me?
Consumer Protection,I am a consumer advocate and I need help educating consumers about their rights. Can you provide me with some resources?
Corporate,I want to start a business. What do I need to do?
Corporate,I need help with a contract. Can you review it for me?
Corporate,I am having a dispute with a business partner. What are my options?
Corporate,I am being sued by a customer. What should I do?
Corporate,I need help with trademark or copyright registration.
Corporate,I need help with mergers and acquisitions.
Corporate,I need help with commercial litigation.
Corporate,I need help with employment law compliance.
Corporate,I need help with corporate governance.
Corporate,I need help with tax planning.
Corporate,I am starting a new business and I need help forming a business entity. Can you help me?
Corporate,I need help drafting and negotiating contracts for my business. Can you help me?
Corporate,I need help protecting my business's intellectual property. Can you help me?
Corporate,I am in a dispute with another business. Can you help me negotiate a settlement or file a lawsuit?
Corporate,I need help complying with all corporate laws and regulations. Can you help me?
Corporate,I am raising capital for my business. Can you help me negotiate investment terms and draft investment documents?
Corporate,I am selling my business. Can you help me negotiate the sale price and draft the sale agreement?
Corporate,I am a member of a board of directors and I need help understanding my legal duties and responsibilities. Can you provide me with some training?
Corporate,I am a corporate executive and I need help making sound legal decisions for my company. Can you provide me with legal counsel?
Corporate,I am a corporate lawyer and I need help staying up-to-date on the latest corporate laws and regulations. Can you provide me with some resources?
Criminal,I've been charged with a DUI and need legal representation. Can you help me understand the potential consequences and build a strong defense strategy?
Criminal,I believe I've been wrongfully accused of a white-collar crime. I need a criminal attorney to review the evidence and defend my innocence.
Criminal,"My relative has been arrested, and I'm looking for a criminal defense attorney to assist with their bail hearing and subsequent legal proceedings."
Criminal,"I'm a witness in a criminal case, and I want to know what my rights and obligations are regarding my testimony and involvement in the trial."
Criminal,I'm seeking to have my criminal record expunged. Can your law firm assist me with the process to clear my record and improve my employment prospects?
Criminal,I was arrested for a crime I didn't commit. What should I do?
Criminal,I am being charged with a crime. What are my rights?
Criminal,I am being harassed by the police. What can I do?
Criminal,I was injured by a police officer. What are my options?
Criminal,I am being held in jail without bond. Can you help me get out?
Criminal,I am being deported. What can I do?
Criminal,I am on probation or parole and I have violated the terms of my release. What should I do?
Criminal,I am a victim of crime. What are my rights?
Criminal,I am a witness to a crime. What should I do?
Criminal,I am being sued for defamation. How can I defend myself?
Criminal,"I was recently arrested for drug possession. I'm not guilty, but I'm scared and don't know what to do. Can you help me?"
Criminal,"I was assaulted by a coworker, and the police have charged him with a crime. I want to make sure he is held accountable for his actions. Can you represent me in this case?"
Criminal,I was accused of a crime that I didn't commit. I was wrongfully convicted and served time in prison. I want to clear my name and get compensation for the time I lost. Can you help me?
Criminal,"I was the victim of a crime, and the perpetrator was never caught. I want to explore my legal options for getting justice. Can you advise me?"
Criminal,I'm being investigated for a crime that I didn't commit. I'm worried that I could be arrested and charged. Can you represent me and protect my rights?
Intellectual Property,I've developed a new software application and want to protect it with a patent. Can your firm assist with the patent application process and offer guidance on IP strategy?
Intellectual Property,Our company is concerned about potential trademark infringement. We need legal counsel to assess our trademark portfolio and help us take action against infringing parties.
Intellectual Property,I'm an artist and need assistance in registering copyrights for my creative works. Can your law firm help with copyright applications and enforcement?
Intellectual Property,We're launching a new product and want to ensure we have proper protection for our trade secrets. What steps should we take to safeguard our intellectual property?
Intellectual Property,We've received a cease and desist letter claiming our product infringes on someone else's patent. We need legal representation to assess the validity of the claim and respond appropriately.
Intellectual Property,I have an idea for a new product. How can I protect it?
Intellectual Property,I think my copyright has been infringed. What can I do?
Intellectual Property,I want to trademark my company name. How do I do it?
Intellectual Property,I am being sued for patent infringement. What should I do?
Intellectual Property,I want to license my intellectual property. How can I do it?
Intellectual Property,I want to register my copyright with the US Copyright Office. How can I do it?
Intellectual Property,I want to register my trademark with the US Patent and Trademark Office. How can I do it?
Intellectual Property,I want to file a copyright infringement lawsuit. Can you help me?
Intellectual Property,I want to file a patent infringement lawsuit. Can you help me?
Intellectual Property,I want to file a trademark infringement lawsuit. Can you help me?
Intellectual Property,"I have a new product that I'm developing, and I want to make sure that it is protected by intellectual property law. Can you help me obtain a patent or trademark?"
Intellectual Property,My company's intellectual property has been infringed upon. We want to take legal action against the infringer. Can you represent us in this case?
Intellectual Property,"I'm a creative professional, and I need help negotiating contracts with clients and protecting my work from copyright infringement. Can you provide legal advice and representation?"
Intellectual Property,I'm interested in starting a business that sells products or services that are protected by intellectual property law. Can you advise me on how to do this in a way that protects my rights?
Intellectual Property,"I'm being sued for intellectual property infringement. I believe that the claims against me are unfounded, and I need help defending myself in court. Can you represent me?"
Tax,"""I'm facing a tax audit, and I need a tax attorney to represent me during the audit process and ensure that I'm in compliance with tax laws."""
Tax,"""I'm a small business owner and need help with tax planning to minimize my tax liability. Can your firm provide tax strategies for my business?"""
Tax,"""I've inherited a substantial estate and want to understand the tax implications of estate planning. Can you assist me in creating an estate plan that minimizes estate taxes?"""
Tax,"""I'm an expatriate living abroad and need guidance on U.S. tax compliance and reporting. Can your law firm help me navigate international tax laws?"""
Tax,I owe back taxes. How can I avoid an audit?
Tax,"If a co-tenant dies, their share of the income from the commercial property will be taxed as part of their estate. The surviving co-tenant(s) will continue to be taxed on their share of the income."
Tax,I am being audited by the IRS. What should I do?
Tax,The IRS has seized my assets. How can I get them back?
Tax,I am facing a tax lien or levy. What are my options?
Tax,I am being sued by the IRS. What should I do?
Tax,I need help with my tax return. Can you prepare it for me?
Tax,I need help with a tax audit. Can you represent me?
Tax,I need help with a tax lien or levy. Can you help me negotiate with the IRS?
Tax,I need help with a tax lawsuit. Can you represent me in court?
Tax,I am starting a new business. What tax implications should I be aware of?
Tax,"I'm starting a new business, and I need help setting up my tax structure and minimizing my tax liability. Can you provide tax planning and advisory services?"
Tax,"I'm being audited by the IRS. I'm not sure what to expect, and I'm worried about making a mistake. Can you represent me and help me through the audit process?"
Tax,"I received a tax bill that I believe is incorrect. I want to dispute the bill, but I don't know how to do it on my own. Can you help me?"
Tax,I'm facing tax penalties and interest. I want to negotiate with the IRS to reduce my debt. Can you represent me in these negotiations?
Tax,I'm considering filing for bankruptcy. I'm concerned about the tax implications of bankruptcy. Can you advise me on how to best protect my rights?
Civil,I was injured in an accident. What are my rights?
Civil,I am being sued for breach of contract. How can I defend myself?
Civil,I am having a dispute with a neighbor. What are my options?
Civil,"I was discriminated against on the basis of my race, gender, or religion. What can I do?"
Civil,I am being harassed by a creditor. What are my rights?
Civil,I am being evicted from my home. What can I do?
Civil,I am being sued for defamation. How can I defend myself?
Civil,I am being sued for malicious prosecution. How can I defend myself?
Civil,I am being sued for wrongful death. How can I defend myself?
Civil,I am being sued for medical malpractice. How can I defend myself?
Civil,I was injured in a car accident and the other driver's insurance company is refusing to pay my medical bills. Can you help me file a lawsuit?
Civil,My landlord is illegally evicting me from my apartment. Can you represent me in court?
Civil,I was discriminated against at work because of my race/gender/disability. Can you help me file a complaint with the Equal Employment Opportunity Commission (EEOC)?
Civil,I was the victim of fraud. Can you help me get my money back?
Civil,I was injured by a defective product. Can you help me file a product liability lawsuit?
Civil,I was the victim of medical malpractice. Can you help me file a lawsuit against the doctor or hospital?
Civil,I am being sued by a creditor. Can you help me defend myself in court?
Civil,I am being sued by my ex-spouse for child support/alimony. Can you represent me in court?
Civil,I am being sued by my neighbor for a property dispute. Can you represent me in court?
Civil,I am being sued by my employer for breach of contract. Can you represent me in court?
Human Rights,I have been detained without charge. What are my rights?
Human Rights,I have been tortured or mistreated by the police. What can I do?
Human Rights,"I have been discriminated against on the basis of my race, gender, or religion. What can I do?"
Human Rights,I have been denied freedom of speech or assembly. What can I do?
Human Rights,I have been denied due process of law. What can I do?
Human Rights,I am a refugee and I need help applying for asylum.
Human Rights,I am a victim of human trafficking. What are my rights?
Human Rights,I am a victim of domestic violence. What are my rights?
Human Rights,I am a child and I have been abused or neglected. What are my rights?
Human Rights,I am a member of a minority group and I have been discriminated against. What are my rights?
Human Rights,I have been arrested and detained without charge. Can you help me get released?
Human Rights,I have been tortured or abused by the police. Can you help me file a complaint?
Human Rights,I have been discriminated against because of my race/religion/ethnicity/gender/sexual orientation. Can you help me file a complaint?
Human Rights,I have been denied access to education/healthcare/employment. Can you help me enforce my rights?
Human Rights,I have been displaced from my home by conflict or disaster. Can you help me get access to food/water/shelter?
Human Rights,I am a refugee or asylum seeker. Can you help me apply for asylum or refugee status?
Human Rights,I have been the victim of trafficking in persons. Can you help me get help and support?
Human Rights,I have been detained in an immigration detention center. Can you help me get released?
Human Rights,I am being denied the right to a fair trial. Can you help me enforce my rights?
Human Rights,I am being persecuted by my government for my political beliefs. Can you help me get asylum in another country?
Family,I want to get a divorce. How do I start the process?
Family,I am having a dispute with my child's other parent over custody or child support. What are my options?
Family,I need help with a prenuptial or postnuptial agreement.
Family,I need help with adoption or foster care.
Family,I am facing a domestic violence charge. How can I defend myself?
Family,I am a grandparent and I want to get custody of my grandchild. What are my rights?
Family,I am a child and I want to live with one parent instead of the other. What are my rights?
Family,I am a child and my parents are getting a divorce. What are my rights?
Family,I am a child and I have been abused or neglected. What can I do?
Family,I am a victim of domestic violence. What are my rights?
Family,I am getting divorced and need help with child custody and visitation.
Family,I am getting divorced and need help with property division and alimony.
Family,I am getting divorced and need help with child support.
Family,I am going through a parenting dispute with my ex-partner. Can you help me resolve the dispute?
Family,I am trying to adopt a child. Can you help me with the adoption process?
Family,"I am trying to get a divorce, but my spouse is missing. Can you help me get a divorce by publication?"
Family,"I am trying to get a divorce, but my spouse is refusing to cooperate. Can you help me get a default divorce?"
Family,"I am trying to get a divorce, but my spouse is living in another country. Can you help me get an international divorce?"
Family,I am trying to get a prenuptial agreement. Can you help me draft and negotiate the agreement?
Family,I am trying to get a postnuptial agreement. Can you help me draft and negotiate the agreement?
Real Estate,I am buying a house and I need help reviewing the contract.
Real Estate,I am selling my house and I need help negotiating with the buyer.
Real Estate,I am having a dispute with my landlord about rent or repairs. What are my rights?
Real Estate,I am being evicted from my apartment. What can I do?
Real Estate,I am a landlord and I have a tenant who is not paying rent. What are my options?
Real Estate,I am a landlord and my tenant has damaged my property. What can I do?
Real Estate,I am interested in investing in real estate. What do I need to know?
Real Estate,I am a real estate agent and I have a client who is being sued by a buyer or seller. What can I do?
Real Estate,I am a real estate agent and I have a client who is facing a disciplinary action from the state real estate board. What can I do?
Real Estate,I am a real estate agent and I have a client who is being accused of fraud. What can I do?
Real Estate,"I am thinking of buying a house, what are the legal things I need to keep in mind?"
Real Estate,"I am having a dispute with my neighbor over our property line, what are my options?"
Real Estate,"I am a landlord and I have a tenant who is not paying their rent, what can I do?"
Real Estate,"I am a tenant and I am being evicted, what are my rights?"
Real Estate,"I want to start a real estate business, what are the legal requirements?"
Real Estate,"I am interested in investing in real estate, what are some of the risks and rewards?"
Real Estate,"I am having a dispute with a contractor over a home improvement project, what can I do?"
Real Estate,"I am thinking of selling my house, what are some of the tax implications?"
Real Estate,"I am inheriting a house from a relative, what are the legal steps I need to take?"
Real Estate,"I am going through a divorce and I need to divide our marital assets, how does that work with real estate?"
Constitutional,"""Our organization is planning a protest, and we want to ensure it's conducted in accordance with our First Amendment rights. Can you advise us on the legal aspects of organizing a peaceful demonstration?"""
Constitutional,I believe my First Amendment rights have been violated. What can I do?
Constitutional,I believe my Fourth Amendment rights have been violated. What can I do?
Constitutional,I believe my Fifth Amendment rights have been violated. What can I do?
Constitutional,I believe my Sixth Amendment rights have been violated. What can I do?
Constitutional,I am a government employee and I am being discriminated against because of my political beliefs. What are my rights?
Constitutional,I am a student and I have been suspended or expelled from school for expressing my political views. What are my rights?
Constitutional,I am a journalist and I have been denied access to information. What can I do?
Constitutional,I am a protester and I have been arrested for exercising my right to free speech. What are my rights?
Constitutional,I am a business owner and I am being forced to comply with a government regulation that I believe is unconstitutional. What are my rights?
Constitutional,"I believe my rights have been violated by the government, what can I do?"
Constitutional,"I am being discriminated against, what are my legal options?"
Constitutional,"I am a free speech advocate and I am concerned about government censorship, what can I do to protect my rights?"
Constitutional,"I am a gun rights advocate and I am concerned about government restrictions on firearms, what can I do to protect my rights?"
Constitutional,"I am a religious freedom advocate and I am concerned about government interference with religious expression, what can I do to protect my rights?"
Constitutional,"I am a privacy advocate and I am concerned about government surveillance, what can I do to protect my rights?"
Constitutional,"I am a civil liberties advocate and I am concerned about government overreach, what can I do to protect my rights?"
Constitutional,"I am a voting rights advocate and I am concerned about voter suppression, what can I do to protect my right to vote?"
Constitutional,"I am a criminal justice reform advocate and I am concerned about mass incarceration and racial disparities in the criminal justice system, what can I do to make a difference?"
Constitutional,"I am a climate change activist and I am concerned about government inaction on climate change, what can I do to hold the government accountable?"
Media,I am a journalist and I have been defamed by a media outlet. What can I do?
Media,My copyright has been infringed by a media outlet. What can I do?
Media,I have been harassed by a member of the media. What can I do?
Media,I am a victim of a media hoax. What can I do?
Media,I am a public figure and I am being sued for defamation. How can I defend myself?
Media,I am a private citizen and I am being sued for defamation. How can I defend myself?
Media,I am a business owner and I am being sued for defamation. How can I defend myself?
Media,I am a media outlet and I am being sued for copyright infringement. How can I defend myself?
Media,I am a media outlet and I am being sued for defamation. How can I defend myself?
Media,I am a media outlet and I am being sued for harassment. How can I defend myself?
Media,"I am a journalist and I am being harassed or threatened by the government or other powerful actors, what are my rights?"
Media,"I am a filmmaker and I am concerned about government censorship of my work, what can I do to protect my rights?"
Media,"I am a social media user and I am concerned about government surveillance of my online activity, what can I do to protect my privacy?"
Media,"I am a copyright holder and I am concerned about copyright infringement online, what can I do to protect my intellectual property?"
Media,"I am a defamation victim and I am considering filing a lawsuit, what are my options?"
Media,"I am a public figure and I am being subjected to intense media scrutiny, what are my rights?"
Media,"I am a celebrity and I am concerned about paparazzi harassment, what can I do to protect my privacy?"
Media,"I am a business owner and I am concerned about negative media coverage of my business, what can I do to respond?"
Media,"I am a consumer and I am concerned about misleading advertising, what can I do to protect myself?"
Media,"I am a victim of cyberbullying and I am considering filing a lawsuit, what are my options?"
Entertainment,"""I'm a musician looking to negotiate a record deal with a major label. Can your firm help me review and negotiate the contract to protect my rights and interests?"""
Entertainment,"""Our production company is working on a new film project and needs assistance with obtaining rights and clearances for using copyrighted materials in the production. Can you guide us through the legal aspects?"""
Entertainment,"""I'm a content creator on social media and have encountered issues with copyright claims. I need legal advice on how to handle these claims and protect my content."""
Entertainment,"""We're starting a new talent management agency and require assistance with drafting contracts for our clients. Can your firm help us create legally sound representation agreements?"""
Entertainment,"""I'm an event organizer and want to host a music festival. What legal permits, contracts, and intellectual property rights do I need to consider to ensure a successful and legal event?"""
Entertainment,I am a musician and I need help with a contract. What should I do?
Entertainment,I am a filmmaker and I need help with copyright protection. What should I do?
Entertainment,I am a writer and I need help with a publishing deal. What should I do?
Entertainment,I am an actor and I need help with a talent agent. What should I do?
Entertainment,I am a content creator and I need help with monetizing my content. What should I do?
Entertainment,I am a brand and I need help with influencer marketing. What should I do?
Entertainment,I am a record label and I need help with artist development. What should I do?
Entertainment,I am a streaming service and I need help with licensing content. What should I do?
Entertainment,I am a video game company and I need help with intellectual property protection. What should I do?
Entertainment,I am a film studio and I need help with distribution deals. What should I do?
Entertainment,I am an actor who has been signed to a new talent agency. I need a lawyer to review my contract and make sure that my interests are protected.
Entertainment,I am a musician who is writing a new album. I need a lawyer to help me copyright my songs and protect my intellectual property.
Entertainment,"I am a producer who is developing a new TV show. I need a lawyer to help me negotiate contracts with my cast and crew, and to protect my copyrights and trademarks."
Entertainment,I am a writer who is publishing my first novel. I need a lawyer to help me negotiate my book contract and to protect my copyrights.
Entertainment,I am a social media influencer who is partnering with a new brand. I need a lawyer to review my contract and make sure that my interests are protected.
Medical,"I believe I've been a victim of medical malpractice during a recent surgery. I need legal representation to investigate the case and pursue a medical malpractice claim."""
Medical,"""Our healthcare facility is facing compliance issues with healthcare regulations and HIPAA. Can your firm provide guidance on ensuring our operations are in accordance with the law?"""
Medical,"""I'm a healthcare professional, and I have concerns about my medical license being jeopardized. Can your law firm assist me in navigating licensing board investigations and disciplinary actions?"""
Medical,"""My family member received substandard care in a nursing home, resulting in harm. We need a medical law attorney to help us explore legal remedies and ensure proper care for our loved one."""
Medical,"""I'm interested in starting a new medical practice, and I need assistance with legal aspects, such as business formation, healthcare regulations, and compliance. Can your firm provide guidance?"""
Medical,I was injured by a medical device. What are my rights?
Medical,I was misdiagnosed by a doctor. What are my rights?
Medical,I was mistreated by a nurse. What are my rights?
Medical,I was denied medical care. What are my rights?
Medical,I am a doctor and I am being sued for malpractice. What should I do?
Medical,I am a nurse and I am being sued for negligence. What should I do?
Medical,I am a hospital and I am being sued for wrongful death. What should I do?
Medical,I am a pharmaceutical company and I am being sued for product liability. What should I do?
Medical,I am a medical device manufacturer and I am being sued for product liability. What should I do?
Medical,I am a health insurance company and I am being sued for denying coverage. What should I do?
Medical,I have been injured in a medical malpractice incident. I need a lawyer to help me file a lawsuit against the negligent healthcare provider.
Medical,I have been denied coverage by my health insurance company for a necessary medical procedure. I need a lawyer to help me appeal the denial and to get the coverage that I need.
Medical,I have been the victim of a defective medical device. I need a lawyer to help me file a lawsuit against the manufacturer of the device.
Medical,I have been wrongfully diagnosed with a medical condition. I need a lawyer to help me file a lawsuit against the doctor who misdiagnosed me.
Medical,I have been the victim of a pharmaceutical error. I need a lawyer to help me file a lawsuit against the pharmacy or drug manufacturer that made the mistake.
Immigration,"""I am a foreign national seeking to apply for a work visa in the United States. Can your firm guide me through the application process and ensure I meet all requirements?"""
Immigration,"""My family is looking to sponsor a relative for immigration to the U.S. How can your firm assist us in understanding the family-sponsored immigration process and preparing the necessary documentation?"""
Immigration,"""I'm an undocumented immigrant facing potential deportation proceedings. I need legal representation to help me understand my rights and explore avenues for legal status or defense."""
Immigration,"""I'm an international student in the U.S., and I want to explore options for obtaining a student visa or work permit after graduation. Can your law firm advise me on the available pathways?"""
Immigration,"""My business is interested in hiring foreign talent for specialized roles. Can your firm assist with the process of obtaining work visas for these employees and ensuring compliance with immigration regulations?"""
Immigration,I want to immigrate to the United States. What do I need to do?
Immigration,I am being deported. What can I do?
Immigration,I am a victim of human trafficking. What are my rights?
Immigration,I am a refugee and I need help applying for asylum.
Immigration,I am a student and I need help getting a student visa.
Immigration,I am a business owner and I need help getting a work visa.
Immigration,I am a family member of a US citizen and I want to immigrate to the United States. What do I need to do?
Immigration,I am an undocumented immigrant and I need help with deportation defense. What should I do?
Immigration,I am a green card holder and I want to apply for citizenship. What do I need to do?
Immigration,I am a US citizen and I want to sponsor my spouse or child for immigration. What do I need to do?
Immigration,I am a foreign national who wants to immigrate to the United States. I need a lawyer to help me file the necessary paperwork and to navigate the complex immigration system.
Immigration,I am a green card holder who wants to become a US citizen. I need a lawyer to help me file the naturalization application and to prepare for the citizenship interview.
Immigration,I am a US citizen who is sponsoring my spouse or child for a green card. I need a lawyer to help me file the necessary paperwork and to navigate the immigration process.
Immigration,I am an immigrant who has been detained by Immigration and Customs Enforcement (ICE). I need a lawyer to help me fight my deportation and to get released from detention.
Immigration,I am an immigrant who has been denied an immigrant visa or green card. I need a lawyer to help me appeal the decision and to get the approval that I need.
Environmental,"""Our company is looking to develop a new industrial facility, and we need assistance in navigating the complex environmental regulations and obtaining the necessary permits."""
Environmental,"""I own a property contaminated with hazardous materials and need legal advice on how to manage environmental liabilities and potential cleanup efforts."""
Environmental,"""We are a conservation organization concerned about a proposed development project that could harm the local environment. Can your law firm help us challenge the project through legal means?"""
Environmental,"""I'm a business owner interested in implementing sustainable and eco-friendly practices in my operations. Can you provide legal guidance on environmental compliance and sustainability initiatives?"""
Environmental,"""Our community is dealing with issues related to air and water pollution from nearby industrial activities. We need a law firm to advocate for our environmental rights and fight for clean air and water."""
Environmental,I am concerned about climate change. What can I do?
Environmental,I am being affected by pollution. What are my rights?
Environmental,I want to start a renewable energy company. What do I need to do?
Environmental,I am a farmer and I am being affected by drought. What can I do?
Environmental,I am being sued by the EPA for violating environmental regulations. What should I do?
Environmental,I am interested in investing in sustainable businesses. What are my options?
Environmental,I am a landowner and I want to develop my property in a sustainable way. What should I do?
Environmental,I am a business owner and I want to reduce my environmental impact. What can I do?
Environmental,I am a consumer and I want to reduce my environmental impact. What can I do?
Environmental,I am a student and I want to learn more about environmental law. What resources are available to me?
Environmental,I am a company that is developing a new renewable energy project. I need help with the regulatory process and obtaining the necessary permits.
Environmental,I am a landowner who has been approached by a company that wants to build a pipeline on my property. I need help understanding my rights and negotiating a fair lease agreement.
Environmental,I am a community group that is concerned about the environmental impact of a proposed new development. We need help advocating for our interests and ensuring that the developer complies with all applicable environmental laws and regulations.
Environmental,I am a business owner who has been fined by the EPA for violating environmental regulations. I need help challenging the fine and understanding my compliance obligations.
Environmental,I am a homeowner who has discovered that my property is contaminated with hazardous waste. I need help cleaning up the contamination and recovering my damages from the responsible party.
Finance,"""I'm an entrepreneur seeking to secure funding for my startup. Can your firm provide legal assistance in negotiating investment agreements and ensuring compliance with financial regulations?"""
Finance,"""Our company is involved in a complex international financial transaction and needs guidance on cross-border financial regulations and tax implications. Can your law firm assist us with structuring this deal?"""
Finance,"""I've been a victim of investment fraud and have lost a significant amount of money. I need a financial law attorney to help me pursue legal action against the fraudulent parties."""
Finance,"""We're a financial institution looking to update our financial products and services. Can your firm assist us in ensuring our offerings comply with evolving financial regulations and consumer protection laws?"""
Finance,"""I'm planning my estate and need assistance with wealth preservation and minimizing estate taxes. Can your law firm provide expertise in estate planning and asset protection?"""
Finance,I want to invest in the stock market. What should I do?
Finance,I am having trouble paying my bills. What are my options?
Finance,I was scammed by a financial advisor. What can I do?
Finance,I am being sued by a creditor. What should I do?
Finance,I am facing foreclosure. What can I do?
Finance,I am starting a business and I need help with financing. What are my options?
Finance,I am interested in investing in real estate. What should I know?
Finance,I am getting divorced and I need help dividing my assets. What should I do?
Finance,I am retiring and I need help planning my finances. What should I do?
Finance,I am a financial advisor and I need help with compliance. What are my options?
Finance,I am a company that is seeking financing for a new environmental project. I need help structuring the deal and finding investors.
Finance,I am a renewable energy developer who is looking to attract investors for my new project. I need help creating a business plan and marketing pitch.
Finance,I am a bank that is considering financing a new environmental project. I need help assessing the risks and rewards of the investment.
Finance,I am an investor who is interested in investing in environmental projects. I need help identifying and evaluating investment opportunities.
Finance,I am a company that is developing a new financial product related to environmental sustainability. I need help with the legal and regulatory aspects of launching the product.
Banking,"I've encountered issues with my bank related to unauthorized transactions and fees. I need legal assistance in resolving these disputes and recovering my funds."""
Banking,"""Our business is looking to acquire another financial institution, and we require legal support for the merger and acquisition process, including regulatory compliance and due diligence."""
Banking,"""I'm a startup founder looking to launch an online banking platform. Can your firm help me navigate the complex regulatory requirements and obtain necessary licenses and permits?"""
Banking,"""Our organization is dealing with potential compliance issues related to anti-money laundering (AML) regulations. We need legal advice on how to strengthen our AML procedures and address regulatory concerns."""
Banking,"""I'm a high-net-worth individual seeking to diversify my investment portfolio by opening offshore bank accounts. Can your law firm provide guidance on international banking regulations and asset protection strategies?"""
Banking,I want to open a bank account. What do I need to do?
Banking,I am having trouble with my bank. What are my options?
Banking,I was a victim of fraud. What can I do?
Banking,I am being sued by a bank. What should I do?
Banking,I am a business owner and I need help opening a business bank account. What do I need to do?
Banking,I am a business owner and I need help getting a loan. What are my options?
Banking,I am a business owner and I need help with cash flow management. What are my options?
Banking,I am a consumer and I need help understanding my credit report. What can I do?
Banking,I am a consumer and I need help disputing a credit report error. What can I do?
Banking,I am a consumer and I need help getting out of debt. What are my options?
Banking,I am a company that is seeking financing for a new environmental project. I need help identifying and applying for loans and grants.
Banking,I am a bank that is considering financing a new environmental project. I need help assessing the risks and rewards of the investment and structuring the deal.
Banking,I am a company that has been denied financing for an environmental project. I need help understanding the reasons for the denial and appealing the decision.
Banking,I am a company that is experiencing financial difficulties due to environmental compliance costs. I need help developing a turnaround plan and negotiating with lenders.
Banking,I am a bank that is considering offering new financial products related to environmental sustainability. I need help with the legal and regulatory aspects of launching the products.
